IncidentID,LocID,SubmitterID,PestID,ReportDate,XCoord,YCoord
3690eb06-67b7-43a6-8ad9-7c7781431f64,5c1978c3-121e-4d6c-a13e-851377e0739b,a50736c6-6860-471a-adb2-45d7e28e93c8,1304fec9-e2ac-4f72-8e74-2450d1a03abb,6/4/2022,36.883982968211100,-76.307938448796100
8ddb5502-44fd-4d96-b5fd-828c02f0dc50,5c1978c3-121e-4d6c-a13e-851377e0739b,a50736c6-6860-471a-adb2-45d7e28e93c8,7a532d09-6b6f-4050-a8a5-2b367441e31d,10/2/2022,36.890148517000500,-76.287108413586400
8277cb46-e9bf-468f-8289-428e10a5a7ae,41bce8dd-f51c-4bda-b559-4d3d16ddfb5d,224e4fa8-ac03-4bfe-8616-e7226f0c11f7,a875fb40-3909-4610-a159-6e5bca823476,9/26/2022,36.882597045632700,-76.316591255078100
a5e2775c-6dad-436c-8d79-84fec90644f4,5c1978c3-121e-4d6c-a13e-851377e0739b,0f987ea6-6a42-4a69-9bdd-626139d1ad55,55884984-3891-4c9c-b8d0-8526c65d5588,10/30/2022,36.887360401567400,-76.303779027863800
8d2cbe5d-326f-4014-b4cd-344fd06d75c4,5c1978c3-121e-4d6c-a13e-851377e0739b,12d09e49-2368-44d8-b21c-1b8e10c7cb2e,b0b6c409-f67d-4646-be93-0bd4d1111ff4,10/27/2022,36.885127713614400,-76.299124342125600
726caf24-b4fc-4d7a-9895-79be829bcf26,5c1978c3-121e-4d6c-a13e-851377e0739b,9d8d194b-2279-44de-b13e-f9f8d842b0b9,bd898a91-7b36-4442-8e41-479c5f951a20,11/3/2022,36.882177328823500,-76.302827021831900
211d816f-c4b0-4934-8db7-b3c0ff714696,5c1978c3-121e-4d6c-a13e-851377e0739b,c043079d-30f2-4fbb-ab87-1e2b10bef234,053802ed-1844-4eb6-9066-a91aa6c089f9,11/29/2022 19:48,36.878334340000000,-76.314316740000000
8cd2901c-e250-4d3b-a896-9236de954836,5c1978c3-121e-4d6c-a13e-851377e0739b,12d09e49-2368-44d8-b21c-1b8e10c7cb2e,142908b3-285a-4eb9-9ab1-a14c6acddf30,11/30/2022,36.893144600000000,-76.308803560000000
b4eb11c0-8ac6-417a-bc09-64c41402a100,5c1978c3-121e-4d6c-a13e-851377e0739b,0f987ea6-6a42-4a69-9bdd-626139d1ad55,22f5ad76-a5d9-4d87-a6b3-975c7030b97b,11/26/2022,36.879335950000000,-76.278954500000000
f426dc1b-0856-4475-a331-931bd390f768,5c1978c3-121e-4d6c-a13e-851377e0739b,a08da458-a3b6-4771-8c79-8e52391cfc3c,243598fd-f515-43ce-a3bb-fe3d3cc65d42,12/7/2022,36.877344900000000,-76.301467500000000
e8881a7e-87e9-421a-9884-3cff3fef2040,5c1978c3-121e-4d6c-a13e-851377e0739b,646eb605-7ce0-4bc3-9782-060a58e8df0a,3fb8fb8a-e16b-45d0-9274-fb2356a24e42,12/13/2022,36.876177710000000,-76.327130870000000
71d1c830-fe2f-4534-9a04-5a6c2bd26357,5c1978c3-121e-4d6c-a13e-851377e0739b,12d09e49-2368-44d8-b21c-1b8e10c7cb2e,4e248b67-8bf6-4655-9515-5d41602ae49d,12/11/2022,36.879489350000000,-76.319898400000000
796812ff-766f-4381-a0e7-fe3bfafdc373,5c1978c3-121e-4d6c-a13e-851377e0739b,c043079d-30f2-4fbb-ab87-1e2b10bef234,7f2c97f0-03ac-40ec-8fd7-3374b11410ed,12/9/2022,36.896557640000000,-76.284355470000000
b92f20ee-9981-4549-b2fc-775e1e1b22b5,5c1978c3-121e-4d6c-a13e-851377e0739b,c043079d-30f2-4fbb-ab87-1e2b10bef234,840916ef-051a-440e-bd44-696cf80df370,11/30/2022 8:05,36.882186930000000,-76.289458460000000
957cd575-a8e6-4089-ab70-eb25673da38f,5c1978c3-121e-4d6c-a13e-851377e0739b,966c9e04-b2ff-4e29-930d-01804ea092dc,851f587f-71d0-48fa-af66-6f12fd1416a5,12/8/2022 10:30,36.876084060000000,-76.287298240000000
a646e5ca-ffcc-42e8-8e8c-6a4a97e2d4d1,5c1978c3-121e-4d6c-a13e-851377e0739b,aa3056c0-0806-4a57-b3b3-f8b292f6c17b,93c78fae-ff57-45e0-b17a-4137cadbc112,11/11/2022 10:34,36.883984600000000,-76.278954500000000
9beac8e8-8c0d-4fcf-81ab-fb4e3ad04203,5c1978c3-121e-4d6c-a13e-851377e0739b,12d09e49-2368-44d8-b21c-1b8e10c7cb2e,997af31d-1b6e-4cce-9ca9-946a5b382e0e,12/9/2022 15:13,36.882193490000000,-76.301467500000000
cb38ab24-0ef5-4f38-8296-15532a6ce18e,5c1978c3-121e-4d6c-a13e-851377e0739b,aa3056c0-0806-4a57-b3b3-f8b292f6c17b,9fad159a-2e17-4c5f-a8eb-f76a245165bf,12/13/2022 10:49,36.882597050000000,-76.307130870000000
d17cd3cc-5c20-4e6f-8f68-0ee37b0d8f44,5c1978c3-121e-4d6c-a13e-851377e0739b,a08da458-a3b6-4771-8c79-8e52391cfc3c,a2191b3e-8915-414d-8aaa-d91cb9f62c42,12/10/2022 18:01,36.872495050000000,-76.319834980000000
8149f9a1-f21a-4b25-a863-7e528aa253eb,5c1978c3-121e-4d6c-a13e-851377e0739b,0f987ea6-6a42-4a69-9bdd-626139d1ad55,a2f44c4d-21bb-4035-b6ba-539357dab4a3,12/2/2022 6:31,36.892598440000000,-76.303779030000000
b45df66e-92ae-4ae5-8212-9b091b78a735,5c1978c3-121e-4d6c-a13e-851377e0739b,646eb605-7ce0-4bc3-9782-060a58e8df0a,a603d7ad-f222-4efe-ab6f-f21e0f1fa9c4,12/1/2022 9:20,36.889984360000000,-76.287108410000000
0f119a0c-b38c-4957-9b3b-f4cff59651f8,5c1978c3-121e-4d6c-a13e-851377e0739b,12d09e49-2368-44d8-b21c-1b8e10c7cb2e,adbb3f0c-9732-4541-8160-356148be423a,12/10/2022 5:53,36.873484400000000,-76.278954500000000
b48434ce-8b16-461d-a683-6418f41983c1,5c1978c3-121e-4d6c-a13e-851377e0739b,c043079d-30f2-4fbb-ab87-1e2b10bef234,dd714234-945d-4864-a86f-0e066154f6c0,11/25/2022 14:20,36.876084060000000,-76.284343430000000
adec84ba-d3f8-46a8-94d7-40c8b8b775e8,5c1978c3-121e-4d6c-a13e-851377e0739b,a08da458-a3b6-4771-8c79-8e52391cfc3c,e333d325-c01b-4272-8b44-f39b9988f3a4,11/18/2022 8:57,36.876036530000000,-76.301498350000000
ec661d50-311f-410a-b5f9-5d7fff305d67,5c1978c3-121e-4d6c-a13e-851377e0739b,966c9e04-b2ff-4e29-930d-01804ea092dc,e53cf71f-7196-4eee-a095-67132bf5a10b,12/13/2022 12:12,36.898934980000000,-76.274344300000000
dcdbc601-701b-472f-b0f7-818dbd414684,5c1978c3-121e-4d6c-a13e-851377e0739b,1d27d77d-0328-4be9-9b18-99b2b8efd06b,e7983b7e-2215-4abb-a86a-699926f5c640,12/12/2022 11:27,36.874645760000000,-76.287293450000000
464e7c01-2247-45b0-8713-c56f8fd16a9e,5c1978c3-121e-4d6c-a13e-851377e0739b,12d09e49-2368-44d8-b21c-1b8e10c7cb2e,f33106e7-ac34-4a9d-8b38-4c8d75cba3dc,12/6/2022 12:02,36.881111460000000,-76.319834550000000